opportunite_id,date,etape,valeur_estimee,probabilite,valeur_ponderee,representant,secteur
OPP0001,2024-03-04,Prospect,18768.0,0.1,1877.0,REP08,Services
OPP0002,2024-08-15,Prospect,94830.0,0.1,9483.0,REP09,Services
OPP0003,2024-05-13,Qualification,32151.0,0.25,8038.0,REP15,Manufacturier
OPP0004,2024-07-21,Fermé-Perdu,203540.0,0.0,0.0,REP05,Services
OPP0005,2025-02-14,Proposition,216780.0,0.45,97551.0,REP06,Manufacturier
OPP0006,2025-01-16,Fermé-Gagné,21206.0,1.0,21206.0,REP15,Manufacturier
OPP0007,2025-12-03,Prospect,78136.0,0.1,7814.0,REP12,Services
OPP0008,2025-10-07,Qualification,20176.0,0.25,5044.0,REP14,Manufacturier
OPP0009,2025-10-22,Prospect,116235.0,0.1,11623.0,REP05,Manufacturier
OPP0010,2024-03-27,Qualification,15045.0,0.25,3761.0,REP02,Manufacturier
OPP0011,2025-08-19,Qualification,46020.0,0.25,11505.0,REP08,Services
OPP0012,2025-08-23,Fermé-Perdu,61034.0,0.0,0.0,REP10,Manufacturier
OPP0013,2024-09-22,Fermé-Gagné,78449.0,1.0,78449.0,REP09,Manufacturier
OPP0014,2024-03-17,Fermé-Gagné,13074.0,1.0,13074.0,REP12,Services
OPP0015,2024-01-23,Prospect,57315.0,0.1,5732.0,REP11,Manufacturier
OPP0016,2024-03-07,Proposition,45030.0,0.45,20264.0,REP08,Services
OPP0017,2024-07-21,Prospect,11677.0,0.1,1168.0,REP08,Services
OPP0018,2025-10-23,Fermé-Gagné,115436.0,1.0,115436.0,REP10,Services
OPP0019,2025-03-30,Proposition,181099.0,0.45,81494.0,REP06,Services
OPP0020,2024-05-11,Prospect,38558.0,0.1,3856.0,REP15,Services
OPP0021,2024-04-04,Fermé-Perdu,31795.0,0.0,0.0,REP15,Manufacturier
OPP0022,2024-12-05,Qualification,25152.0,0.25,6288.0,REP09,Services
OPP0023,2024-05-05,Prospect,457536.0,0.1,45754.0,REP14,Services
OPP0024,2024-02-13,Proposition,92873.0,0.45,41793.0,REP13,Manufacturier
OPP0025,2025-04-17,Proposition,17765.0,0.45,7994.0,REP14,Manufacturier
OPP0026,2024-02-21,Qualification,7391.0,0.25,1848.0,REP11,Services
OPP0027,2024-06-21,Négociation,23699.0,0.7,16589.0,REP15,Services
OPP0028,2025-08-10,Qualification,23856.0,0.25,5964.0,REP12,Services
OPP0029,2025-03-19,Qualification,46878.0,0.25,11720.0,REP02,Services
OPP0030,2025-02-08,Négociation,37969.0,0.7,26578.0,REP07,Manufacturier
OPP0031,2025-05-23,Proposition,114077.0,0.45,51335.0,REP14,Manufacturier
OPP0032,2024-01-31,Qualification,2420.0,0.25,605.0,REP15,Services
OPP0033,2025-01-26,Fermé-Perdu,62176.0,0.0,0.0,REP06,Services
OPP0034,2025-11-30,Négociation,88775.0,0.7,62143.0,REP15,Services
OPP0035,2025-03-12,Qualification,6021.0,0.25,1505.0,REP04,Manufacturier
OPP0036,2024-06-25,Fermé-Gagné,15253.0,1.0,15253.0,REP11,Manufacturier
OPP0037,2024-12-28,Qualification,22383.0,0.25,5596.0,REP10,Manufacturier
OPP0038,2024-08-07,Fermé-Perdu,60255.0,0.0,0.0,REP11,Services
OPP0039,2024-07-10,Fermé-Gagné,24016.0,1.0,24016.0,REP10,Services
OPP0040,2024-10-08,Qualification,35090.0,0.25,8773.0,REP03,Services
OPP0041,2024-10-13,Négociation,16508.0,0.7,11555.0,REP07,Services
OPP0042,2025-04-01,Proposition,38703.0,0.45,17416.0,REP06,Manufacturier
OPP0043,2024-06-01,Fermé-Gagné,19314.0,1.0,19314.0,REP06,Manufacturier
OPP0044,2024-02-05,Fermé-Gagné,15098.0,1.0,15098.0,REP01,Manufacturier
OPP0045,2025-09-20,Proposition,41798.0,0.45,18809.0,REP09,Services
OPP0046,2025-09-26,Proposition,86178.0,0.45,38780.0,REP07,Services
OPP0047,2025-09-23,Qualification,47205.0,0.25,11801.0,REP13,Manufacturier
OPP0048,2024-09-08,Fermé-Gagné,28994.0,1.0,28994.0,REP11,Services
OPP0049,2025-10-24,Proposition,99600.0,0.45,44820.0,REP05,Manufacturier
OPP0050,2024-10-29,Prospect,22960.0,0.1,2296.0,REP01,Services
OPP0051,2025-05-25,Négociation,33531.0,0.7,23472.0,REP10,Services
OPP0052,2025-02-25,Qualification,117012.0,0.25,29253.0,REP11,Services
OPP0053,2025-07-17,Prospect,23609.0,0.1,2361.0,REP02,Manufacturier
OPP0054,2025-05-05,Fermé-Perdu,21143.0,0.0,0.0,REP02,Manufacturier
OPP0055,2024-03-03,Fermé-Gagné,76391.0,1.0,76391.0,REP05,Services
OPP0056,2024-03-30,Négociation,13385.0,0.7,9369.0,REP06,Services
OPP0057,2024-10-13,Proposition,120751.0,0.45,54338.0,REP13,Manufacturier
OPP0058,2025-01-27,Qualification,5231.0,0.25,1308.0,REP09,Manufacturier
OPP0059,2024-05-20,Qualification,39131.0,0.25,9783.0,REP08,Manufacturier
OPP0060,2025-03-05,Qualification,18939.0,0.25,4735.0,REP07,Services
OPP0061,2024-07-23,Proposition,51000.0,0.45,22950.0,REP15,Manufacturier
OPP0062,2025-10-20,Qualification,157032.0,0.25,39258.0,REP15,Manufacturier
OPP0063,2025-06-22,Qualification,11417.0,0.25,2854.0,REP10,Manufacturier
OPP0064,2024-09-12,Fermé-Gagné,8912.0,1.0,8912.0,REP07,Manufacturier
OPP0065,2025-10-07,Négociation,114724.0,0.7,80307.0,REP04,Manufacturier
OPP0066,2025-07-10,Proposition,28843.0,0.45,12980.0,REP02,Manufacturier
OPP0067,2024-01-20,Qualification,33433.0,0.25,8358.0,REP15,Manufacturier
OPP0068,2025-01-26,Fermé-Gagné,27835.0,1.0,27835.0,REP01,Manufacturier
OPP0069,2025-12-31,Prospect,25271.0,0.1,2527.0,REP08,Services
OPP0070,2025-01-02,Prospect,14583.0,0.1,1458.0,REP04,Services
OPP0071,2025-05-06,Fermé-Perdu,28494.0,0.0,0.0,REP10,Services
OPP0072,2025-07-11,Fermé-Perdu,15633.0,0.0,0.0,REP11,Services
OPP0073,2025-05-11,Négociation,98836.0,0.7,69185.0,REP15,Services
OPP0074,2024-12-18,Proposition,20889.0,0.45,9400.0,REP02,Manufacturier
OPP0075,2025-08-02,Fermé-Gagné,134713.0,1.0,134713.0,REP13,Services
OPP0076,2025-05-29,Négociation,70899.0,0.7,49630.0,REP06,Services
OPP0077,2024-11-25,Négociation,13333.0,0.7,9333.0,REP03,Manufacturier
OPP0078,2025-02-01,Négociation,12540.0,0.7,8778.0,REP15,Services
OPP0079,2024-10-03,Fermé-Perdu,29127.0,0.0,0.0,REP15,Services
OPP0080,2024-07-03,Qualification,17459.0,0.25,4365.0,REP13,Services
OPP0081,2024-01-27,Qualification,17339.0,0.25,4335.0,REP15,Services
OPP0082,2024-11-22,Proposition,84104.0,0.45,37847.0,REP02,Services
OPP0083,2025-09-03,Qualification,47783.0,0.25,11946.0,REP07,Services
OPP0084,2024-08-12,Prospect,124278.0,0.1,12428.0,REP04,Manufacturier
OPP0085,2024-01-31,Fermé-Perdu,12433.0,0.0,0.0,REP13,Manufacturier
OPP0086,2024-10-14,Fermé-Gagné,5808.0,1.0,5808.0,REP05,Manufacturier
OPP0087,2024-02-29,Prospect,17490.0,0.1,1749.0,REP06,Manufacturier
OPP0088,2025-04-28,Fermé-Gagné,106601.0,1.0,106601.0,REP07,Manufacturier
OPP0089,2025-06-26,Proposition,19398.0,0.45,8729.0,REP07,Manufacturier
OPP0090,2025-01-01,Proposition,186602.0,0.45,83971.0,REP04,Services
OPP0091,2025-08-21,Prospect,21307.0,0.1,2131.0,REP12,Services
OPP0092,2024-08-26,Prospect,65132.0,0.1,6513.0,REP08,Services
OPP0093,2024-06-12,Qualification,35388.0,0.25,8847.0,REP04,Services
OPP0094,2024-04-12,Proposition,5115.0,0.45,2302.0,REP04,Services
OPP0095,2024-09-10,Proposition,18769.0,0.45,8446.0,REP08,Manufacturier
OPP0096,2025-11-03,Qualification,58684.0,0.25,14671.0,REP13,Manufacturier
OPP0097,2024-09-03,Fermé-Gagné,34642.0,1.0,34642.0,REP09,Manufacturier
OPP0098,2024-09-29,Qualification,23441.0,0.25,5860.0,REP06,Manufacturier
OPP0099,2025-06-30,Prospect,30677.0,0.1,3068.0,REP02,Services
OPP0100,2024-02-27,Qualification,42217.0,0.25,10554.0,REP11,Services
OPP0101,2024-08-12,Négociation,2388.0,0.7,1672.0,REP12,Services
OPP0102,2025-08-12,Qualification,20784.0,0.25,5196.0,REP10,Manufacturier
OPP0103,2025-02-01,Qualification,16172.0,0.25,4043.0,REP08,Manufacturier
OPP0104,2024-12-29,Prospect,72545.0,0.1,7255.0,REP10,Manufacturier
OPP0105,2024-06-26,Prospect,77488.0,0.1,7749.0,REP09,Services
OPP0106,2024-06-29,Qualification,43037.0,0.25,10759.0,REP09,Manufacturier
OPP0107,2024-08-30,Négociation,40674.0,0.7,28472.0,REP08,Manufacturier
OPP0108,2025-08-29,Proposition,4855.0,0.45,2185.0,REP13,Services
OPP0109,2024-11-21,Fermé-Gagné,14636.0,1.0,14636.0,REP02,Services
OPP0110,2025-12-15,Négociation,25503.0,0.7,17852.0,REP13,Manufacturier
OPP0111,2025-01-02,Proposition,32555.0,0.45,14650.0,REP05,Manufacturier
OPP0112,2025-08-28,Prospect,36130.0,0.1,3613.0,REP02,Services
OPP0113,2024-01-29,Fermé-Gagné,5176.0,1.0,5176.0,REP01,Services
OPP0114,2025-12-21,Prospect,96290.0,0.1,9629.0,REP13,Manufacturier
OPP0115,2025-12-18,Fermé-Perdu,13052.0,0.0,0.0,REP04,Manufacturier
OPP0116,2024-12-26,Fermé-Gagné,3763.0,1.0,3763.0,REP07,Services
OPP0117,2025-08-04,Qualification,79499.0,0.25,19875.0,REP14,Services
OPP0118,2025-07-31,Fermé-Perdu,14582.0,0.0,0.0,REP15,Services
OPP0119,2024-05-25,Qualification,72558.0,0.25,18139.0,REP01,Manufacturier
OPP0120,2025-07-30,Fermé-Gagné,6351.0,1.0,6351.0,REP03,Services
OPP0121,2024-07-11,Fermé-Perdu,24220.0,0.0,0.0,REP05,Services
OPP0122,2025-05-19,Proposition,13850.0,0.45,6232.0,REP10,Services
OPP0123,2025-07-09,Proposition,53790.0,0.45,24205.0,REP12,Manufacturier
OPP0124,2024-11-12,Négociation,14907.0,0.7,10435.0,REP13,Manufacturier
OPP0125,2024-06-28,Proposition,53802.0,0.45,24211.0,REP09,Services
OPP0126,2025-05-17,Prospect,23782.0,0.1,2378.0,REP09,Manufacturier
OPP0127,2024-02-08,Qualification,18815.0,0.25,4704.0,REP10,Services
OPP0128,2024-04-02,Prospect,89260.0,0.1,8926.0,REP07,Manufacturier
OPP0129,2024-02-27,Qualification,256177.0,0.25,64044.0,REP07,Manufacturier
OPP0130,2024-08-26,Prospect,25212.0,0.1,2521.0,REP10,Manufacturier
OPP0131,2025-09-08,Prospect,16755.0,0.1,1676.0,REP12,Manufacturier
OPP0132,2024-08-12,Prospect,31610.0,0.1,3161.0,REP14,Manufacturier
OPP0133,2024-01-21,Qualification,40447.0,0.25,10112.0,REP03,Services
OPP0134,2025-06-23,Prospect,6039.0,0.1,604.0,REP07,Manufacturier
OPP0135,2025-05-04,Négociation,13170.0,0.7,9219.0,REP11,Manufacturier
OPP0136,2024-01-01,Fermé-Gagné,8054.0,1.0,8054.0,REP01,Services
OPP0137,2024-12-05,Qualification,11473.0,0.25,2868.0,REP01,Services
OPP0138,2025-09-20,Fermé-Gagné,155171.0,1.0,155171.0,REP01,Services
OPP0139,2024-07-25,Proposition,3690.0,0.45,1660.0,REP09,Services
OPP0140,2024-05-13,Qualification,52711.0,0.25,13178.0,REP04,Manufacturier
OPP0141,2024-12-14,Fermé-Gagné,25076.0,1.0,25076.0,REP06,Services
OPP0142,2024-06-30,Négociation,46326.0,0.7,32428.0,REP04,Manufacturier
OPP0143,2024-11-27,Fermé-Perdu,11288.0,0.0,0.0,REP08,Services
OPP0144,2024-03-01,Fermé-Perdu,22921.0,0.0,0.0,REP02,Services
OPP0145,2024-01-23,Négociation,123466.0,0.7,86426.0,REP05,Services
OPP0146,2024-05-31,Fermé-Gagné,23054.0,1.0,23054.0,REP09,Manufacturier
OPP0147,2025-08-23,Prospect,148733.0,0.1,14873.0,REP05,Manufacturier
OPP0148,2025-12-22,Prospect,2380.0,0.1,238.0,REP11,Manufacturier
OPP0149,2024-05-25,Qualification,62262.0,0.25,15565.0,REP02,Manufacturier
OPP0150,2024-04-23,Négociation,37866.0,0.7,26506.0,REP14,Manufacturier
OPP0151,2025-06-22,Prospect,8619.0,0.1,862.0,REP04,Manufacturier
OPP0152,2025-01-08,Négociation,90759.0,0.7,63531.0,REP15,Manufacturier
OPP0153,2024-03-15,Négociation,17176.0,0.7,12023.0,REP02,Services
OPP0154,2025-01-17,Fermé-Gagné,45769.0,1.0,45769.0,REP02,Manufacturier
OPP0155,2025-12-22,Prospect,13536.0,0.1,1354.0,REP02,Services
OPP0156,2025-11-09,Proposition,21803.0,0.45,9812.0,REP11,Services
OPP0157,2025-02-09,Prospect,73533.0,0.1,7353.0,REP15,Manufacturier
OPP0158,2025-08-23,Prospect,381694.0,0.1,38169.0,REP04,Manufacturier
OPP0159,2024-04-13,Fermé-Perdu,14797.0,0.0,0.0,REP14,Services
OPP0160,2024-12-10,Qualification,126682.0,0.25,31670.0,REP07,Services
OPP0161,2024-11-05,Prospect,138691.0,0.1,13869.0,REP03,Services
OPP0162,2024-11-26,Fermé-Gagné,68714.0,1.0,68714.0,REP15,Manufacturier
OPP0163,2024-05-19,Qualification,78224.0,0.25,19556.0,REP05,Manufacturier
OPP0164,2024-06-10,Fermé-Gagné,17903.0,1.0,17903.0,REP10,Services
OPP0165,2025-03-23,Négociation,13774.0,0.7,9642.0,REP08,Services
OPP0166,2025-10-16,Prospect,22629.0,0.1,2263.0,REP05,Services
OPP0167,2025-05-13,Proposition,47415.0,0.45,21337.0,REP05,Services
OPP0168,2025-10-26,Négociation,26867.0,0.7,18807.0,REP11,Services
OPP0169,2024-11-20,Négociation,17206.0,0.7,12044.0,REP14,Services
OPP0170,2024-06-27,Proposition,17985.0,0.45,8093.0,REP06,Manufacturier
OPP0171,2025-12-25,Qualification,26794.0,0.25,6698.0,REP13,Manufacturier
OPP0172,2025-07-29,Fermé-Perdu,85835.0,0.0,0.0,REP15,Manufacturier
OPP0173,2025-12-11,Qualification,12347.0,0.25,3087.0,REP09,Services
OPP0174,2025-09-20,Négociation,63965.0,0.7,44776.0,REP12,Manufacturier
OPP0175,2024-12-31,Fermé-Gagné,61393.0,1.0,61393.0,REP02,Manufacturier
OPP0176,2024-08-16,Prospect,21537.0,0.1,2154.0,REP01,Manufacturier
OPP0177,2025-11-12,Proposition,48822.0,0.45,21970.0,REP13,Services
OPP0178,2025-08-26,Proposition,118937.0,0.45,53522.0,REP12,Manufacturier
OPP0179,2024-06-28,Proposition,26259.0,0.45,11817.0,REP06,Services
OPP0180,2025-01-22,Prospect,16776.0,0.1,1678.0,REP09,Services
OPP0181,2024-11-10,Prospect,13874.0,0.1,1387.0,REP11,Services
OPP0182,2025-12-06,Négociation,15600.0,0.7,10920.0,REP05,Services
OPP0183,2024-10-28,Proposition,80082.0,0.45,36037.0,REP09,Manufacturier
OPP0184,2024-05-10,Négociation,34299.0,0.7,24009.0,REP02,Services
OPP0185,2024-06-30,Qualification,7317.0,0.25,1829.0,REP05,Services
OPP0186,2024-01-02,Qualification,127359.0,0.25,31840.0,REP12,Manufacturier
OPP0187,2025-12-19,Proposition,30315.0,0.45,13642.0,REP12,Services
OPP0188,2025-08-09,Prospect,58694.0,0.1,5869.0,REP09,Manufacturier
OPP0189,2025-02-04,Qualification,66274.0,0.25,16568.0,REP13,Services
OPP0190,2025-08-04,Fermé-Gagné,15770.0,1.0,15770.0,REP14,Manufacturier
OPP0191,2024-02-03,Prospect,10610.0,0.1,1061.0,REP12,Manufacturier
OPP0192,2024-07-05,Prospect,13809.0,0.1,1381.0,REP14,Manufacturier
OPP0193,2025-09-08,Négociation,29879.0,0.7,20915.0,REP04,Services
OPP0194,2024-11-21,Fermé-Gagné,56250.0,1.0,56250.0,REP03,Services
OPP0195,2025-09-18,Fermé-Perdu,234078.0,0.0,0.0,REP07,Manufacturier
OPP0196,2024-08-14,Fermé-Gagné,89122.0,1.0,89122.0,REP11,Services
OPP0197,2025-10-16,Négociation,5091.0,0.7,3564.0,REP14,Services
OPP0198,2025-08-02,Fermé-Gagné,31179.0,1.0,31179.0,REP05,Services
OPP0199,2024-04-16,Proposition,3734.0,0.45,1680.0,REP04,Services
OPP0200,2025-05-23,Qualification,94892.0,0.25,23723.0,REP02,Services
OPP0201,2024-05-24,Négociation,29757.0,0.7,20830.0,REP12,Services
OPP0202,2024-12-05,Qualification,37621.0,0.25,9405.0,REP02,Manufacturier
OPP0203,2024-03-20,Qualification,28674.0,0.25,7168.0,REP12,Services
OPP0204,2024-08-31,Qualification,39165.0,0.25,9791.0,REP09,Services
OPP0205,2024-12-21,Proposition,18295.0,0.45,8233.0,REP07,Services
OPP0206,2024-11-23,Fermé-Gagné,40063.0,1.0,40063.0,REP01,Manufacturier
OPP0207,2024-06-20,Fermé-Perdu,14043.0,0.0,0.0,REP05,Manufacturier
OPP0208,2025-10-13,Négociation,48580.0,0.7,34006.0,REP06,Services
OPP0209,2024-03-31,Prospect,47598.0,0.1,4760.0,REP12,Services
OPP0210,2025-12-26,Qualification,58595.0,0.25,14649.0,REP05,Services
OPP0211,2025-11-17,Prospect,32892.0,0.1,3289.0,REP11,Manufacturier
OPP0212,2025-10-16,Proposition,102649.0,0.45,46192.0,REP13,Services
OPP0213,2024-12-09,Qualification,223809.0,0.25,55952.0,REP12,Manufacturier
OPP0214,2025-04-02,Négociation,7832.0,0.7,5482.0,REP15,Manufacturier
OPP0215,2024-01-12,Proposition,10231.0,0.45,4604.0,REP08,Manufacturier
OPP0216,2024-09-28,Prospect,30610.0,0.1,3061.0,REP07,Manufacturier
OPP0217,2024-08-02,Prospect,23110.0,0.1,2311.0,REP04,Services
OPP0218,2024-09-12,Prospect,58395.0,0.1,5839.0,REP05,Manufacturier
OPP0219,2025-12-10,Négociation,58421.0,0.7,40895.0,REP03,Manufacturier
OPP0220,2024-03-10,Qualification,49009.0,0.25,12252.0,REP07,Services
OPP0221,2024-12-24,Qualification,6906.0,0.25,1727.0,REP09,Services
OPP0222,2024-09-19,Qualification,44189.0,0.25,11047.0,REP02,Services
OPP0223,2024-04-20,Négociation,231402.0,0.7,161981.0,REP09,Services
OPP0224,2024-01-02,Prospect,60862.0,0.1,6086.0,REP15,Manufacturier
OPP0225,2024-02-19,Qualification,33980.0,0.25,8495.0,REP04,Services
OPP0226,2025-01-30,Prospect,67380.0,0.1,6738.0,REP08,Services
OPP0227,2025-03-24,Prospect,15293.0,0.1,1529.0,REP10,Manufacturier
OPP0228,2025-03-05,Prospect,55134.0,0.1,5513.0,REP15,Manufacturier
OPP0229,2024-06-19,Qualification,35556.0,0.25,8889.0,REP03,Services
OPP0230,2025-02-27,Négociation,11571.0,0.7,8100.0,REP07,Manufacturier
OPP0231,2025-05-19,Proposition,46428.0,0.45,20893.0,REP08,Services
OPP0232,2025-01-22,Qualification,37949.0,0.25,9487.0,REP04,Manufacturier
OPP0233,2024-12-25,Négociation,81418.0,0.7,56993.0,REP09,Manufacturier
OPP0234,2025-07-13,Qualification,41484.0,0.25,10371.0,REP10,Manufacturier
OPP0235,2025-01-19,Qualification,44640.0,0.25,11160.0,REP10,Manufacturier
OPP0236,2024-04-13,Fermé-Perdu,42135.0,0.0,0.0,REP11,Manufacturier
OPP0237,2025-05-05,Fermé-Gagné,41510.0,1.0,41510.0,REP09,Manufacturier
OPP0238,2025-08-14,Fermé-Gagné,113477.0,1.0,113477.0,REP10,Services
OPP0239,2025-10-28,Prospect,74322.0,0.1,7432.0,REP02,Manufacturier
OPP0240,2025-12-04,Proposition,14214.0,0.45,6396.0,REP03,Manufacturier
OPP0241,2024-08-18,Qualification,32029.0,0.25,8007.0,REP12,Services
OPP0242,2024-06-15,Fermé-Gagné,8882.0,1.0,8882.0,REP12,Manufacturier
OPP0243,2025-04-07,Proposition,161326.0,0.45,72597.0,REP14,Manufacturier
OPP0244,2024-03-16,Négociation,18095.0,0.7,12666.0,REP03,Services
OPP0245,2024-02-04,Qualification,16973.0,0.25,4243.0,REP13,Services
OPP0246,2024-10-28,Prospect,225361.0,0.1,22536.0,REP12,Manufacturier
OPP0247,2024-01-21,Négociation,20009.0,0.7,14006.0,REP02,Services
OPP0248,2024-11-22,Proposition,14046.0,0.45,6321.0,REP07,Manufacturier
OPP0249,2024-09-24,Fermé-Gagné,70162.0,1.0,70162.0,REP07,Manufacturier
OPP0250,2024-04-17,Prospect,35995.0,0.1,3599.0,REP06,Services
OPP0251,2024-03-16,Fermé-Perdu,14851.0,0.0,0.0,REP05,Manufacturier
OPP0252,2024-12-16,Fermé-Gagné,50853.0,1.0,50853.0,REP08,Manufacturier
OPP0253,2024-06-23,Négociation,67994.0,0.7,47596.0,REP08,Manufacturier
OPP0254,2025-01-19,Proposition,86090.0,0.45,38741.0,REP04,Services
OPP0255,2024-06-13,Qualification,46817.0,0.25,11704.0,REP03,Services
OPP0256,2024-03-17,Prospect,88191.0,0.1,8819.0,REP01,Services
OPP0257,2025-07-14,Fermé-Perdu,84687.0,0.0,0.0,REP07,Manufacturier
OPP0258,2024-04-05,Prospect,22857.0,0.1,2286.0,REP13,Services
OPP0259,2024-12-12,Qualification,200302.0,0.25,50076.0,REP12,Services
OPP0260,2025-08-31,Prospect,69638.0,0.1,6964.0,REP12,Manufacturier
OPP0261,2025-09-20,Qualification,146489.0,0.25,36622.0,REP06,Services
OPP0262,2025-05-09,Qualification,31618.0,0.25,7905.0,REP14,Services
OPP0263,2025-12-22,Négociation,84697.0,0.7,59288.0,REP15,Services
OPP0264,2024-02-01,Fermé-Gagné,47684.0,1.0,47684.0,REP13,Manufacturier
OPP0265,2025-03-17,Prospect,95801.0,0.1,9580.0,REP03,Manufacturier
OPP0266,2025-10-31,Fermé-Gagné,23886.0,1.0,23886.0,REP03,Manufacturier
OPP0267,2024-06-17,Négociation,20829.0,0.7,14581.0,REP02,Manufacturier
OPP0268,2025-09-13,Prospect,124570.0,0.1,12457.0,REP11,Services
OPP0269,2025-03-20,Qualification,46303.0,0.25,11576.0,REP15,Services
OPP0270,2024-06-09,Prospect,97012.0,0.1,9701.0,REP08,Manufacturier
OPP0271,2024-02-24,Proposition,8854.0,0.45,3984.0,REP08,Services
OPP0272,2024-04-13,Fermé-Perdu,16224.0,0.0,0.0,REP06,Manufacturier
OPP0273,2024-12-05,Fermé-Gagné,21528.0,1.0,21528.0,REP08,Services
OPP0274,2024-07-29,Fermé-Gagné,132984.0,1.0,132984.0,REP08,Services
OPP0275,2024-07-13,Prospect,127997.0,0.1,12800.0,REP09,Services
OPP0276,2025-02-23,Fermé-Gagné,39639.0,1.0,39639.0,REP09,Services
OPP0277,2025-12-14,Prospect,58747.0,0.1,5875.0,REP15,Services
OPP0278,2025-07-21,Négociation,42970.0,0.7,30079.0,REP12,Services
OPP0279,2025-07-07,Qualification,13395.0,0.25,3349.0,REP12,Manufacturier
OPP0280,2024-09-28,Proposition,38547.0,0.45,17346.0,REP03,Services
OPP0281,2025-11-07,Négociation,14716.0,0.7,10301.0,REP11,Manufacturier
OPP0282,2024-10-15,Proposition,24810.0,0.45,11164.0,REP12,Manufacturier
OPP0283,2024-10-31,Qualification,29013.0,0.25,7253.0,REP06,Services
OPP0284,2024-08-31,Fermé-Gagné,189239.0,1.0,189239.0,REP07,Services
OPP0285,2024-04-08,Négociation,42523.0,0.7,29766.0,REP07,Services
OPP0286,2024-02-20,Fermé-Gagné,24165.0,1.0,24165.0,REP12,Manufacturier
OPP0287,2025-02-06,Qualification,67085.0,0.25,16771.0,REP02,Manufacturier
OPP0288,2025-08-08,Prospect,18756.0,0.1,1876.0,REP12,Manufacturier
OPP0289,2025-07-16,Qualification,517859.0,0.25,129465.0,REP05,Manufacturier
OPP0290,2025-05-17,Proposition,55833.0,0.45,25125.0,REP12,Manufacturier
OPP0291,2024-06-06,Prospect,3064.0,0.1,306.0,REP04,Services
OPP0292,2024-02-25,Proposition,16250.0,0.45,7312.0,REP03,Services
OPP0293,2025-01-04,Négociation,219974.0,0.7,153981.0,REP12,Services
OPP0294,2024-01-04,Prospect,42113.0,0.1,4211.0,REP11,Services
OPP0295,2025-03-13,Proposition,22630.0,0.45,10183.0,REP13,Services
OPP0296,2024-03-30,Prospect,54481.0,0.1,5448.0,REP13,Services
OPP0297,2024-10-28,Prospect,7410.0,0.1,741.0,REP09,Manufacturier
OPP0298,2025-11-08,Qualification,13743.0,0.25,3436.0,REP15,Services
OPP0299,2025-10-02,Prospect,8890.0,0.1,889.0,REP15,Manufacturier
OPP0300,2025-09-06,Proposition,25139.0,0.45,11313.0,REP07,Manufacturier
OPP0301,2025-05-06,Négociation,181545.0,0.7,127081.0,REP01,Manufacturier
OPP0302,2024-07-23,Qualification,66005.0,0.25,16501.0,REP02,Services
OPP0303,2024-04-09,Fermé-Perdu,58618.0,0.0,0.0,REP06,Manufacturier
OPP0304,2024-01-27,Négociation,18771.0,0.7,13140.0,REP03,Services
OPP0305,2024-07-30,Fermé-Perdu,79199.0,0.0,0.0,REP09,Manufacturier
OPP0306,2024-06-23,Proposition,16712.0,0.45,7520.0,REP13,Services
OPP0307,2025-10-15,Proposition,29601.0,0.45,13320.0,REP08,Services
OPP0308,2024-10-25,Négociation,77235.0,0.7,54065.0,REP05,Services
OPP0309,2024-03-24,Qualification,33487.0,0.25,8372.0,REP06,Manufacturier
OPP0310,2025-04-29,Prospect,90642.0,0.1,9064.0,REP11,Services
OPP0311,2024-04-28,Qualification,29717.0,0.25,7429.0,REP07,Manufacturier
OPP0312,2024-11-11,Qualification,141198.0,0.25,35299.0,REP09,Services
OPP0313,2025-02-11,Proposition,55132.0,0.45,24809.0,REP15,Services
OPP0314,2025-04-27,Négociation,15036.0,0.7,10525.0,REP05,Manufacturier
OPP0315,2025-05-15,Proposition,21091.0,0.45,9491.0,REP14,Services
OPP0316,2025-11-07,Prospect,29053.0,0.1,2905.0,REP12,Services
OPP0317,2024-09-28,Qualification,94580.0,0.25,23645.0,REP07,Manufacturier
OPP0318,2024-04-03,Prospect,228062.0,0.1,22806.0,REP11,Manufacturier
OPP0319,2025-10-19,Prospect,8210.0,0.1,821.0,REP15,Manufacturier
OPP0320,2025-07-11,Prospect,24680.0,0.1,2468.0,REP02,Services
OPP0321,2025-01-31,Proposition,123783.0,0.45,55702.0,REP05,Manufacturier
OPP0322,2024-07-08,Négociation,34347.0,0.7,24043.0,REP11,Manufacturier
OPP0323,2025-01-14,Qualification,31084.0,0.25,7771.0,REP06,Manufacturier
OPP0324,2025-01-25,Qualification,64505.0,0.25,16126.0,REP11,Manufacturier
OPP0325,2025-01-13,Qualification,9447.0,0.25,2362.0,REP04,Manufacturier
OPP0326,2024-07-10,Qualification,66620.0,0.25,16655.0,REP05,Manufacturier
OPP0327,2025-04-01,Prospect,49331.0,0.1,4933.0,REP02,Services
OPP0328,2024-02-15,Fermé-Perdu,44240.0,0.0,0.0,REP06,Manufacturier
OPP0329,2024-09-26,Prospect,106996.0,0.1,10700.0,REP07,Services
OPP0330,2025-03-26,Prospect,33897.0,0.1,3390.0,REP02,Services
OPP0331,2025-04-21,Qualification,37810.0,0.25,9453.0,REP03,Manufacturier
OPP0332,2024-09-26,Négociation,43502.0,0.7,30452.0,REP09,Services
OPP0333,2024-08-19,Proposition,4685.0,0.45,2108.0,REP05,Services
OPP0334,2024-10-02,Proposition,103555.0,0.45,46600.0,REP10,Services
OPP0335,2025-07-31,Proposition,65754.0,0.45,29589.0,REP08,Services
OPP0336,2024-03-04,Prospect,62324.0,0.1,6232.0,REP10,Services
OPP0337,2024-06-03,Fermé-Perdu,51044.0,0.0,0.0,REP05,Services
OPP0338,2025-12-14,Proposition,141285.0,0.45,63578.0,REP09,Services
OPP0339,2025-11-14,Fermé-Gagné,44940.0,1.0,44940.0,REP04,Services
OPP0340,2024-04-09,Qualification,29311.0,0.25,7328.0,REP04,Manufacturier
OPP0341,2024-03-28,Qualification,6411.0,0.25,1603.0,REP05,Manufacturier
OPP0342,2025-11-15,Prospect,10198.0,0.1,1020.0,REP15,Services
OPP0343,2024-12-18,Qualification,26777.0,0.25,6694.0,REP07,Services
OPP0344,2025-07-08,Prospect,40131.0,0.1,4013.0,REP02,Manufacturier
OPP0345,2025-02-27,Fermé-Gagné,20123.0,1.0,20123.0,REP01,Manufacturier
OPP0346,2025-08-26,Qualification,28861.0,0.25,7215.0,REP02,Manufacturier
OPP0347,2024-08-20,Qualification,14699.0,0.25,3675.0,REP03,Manufacturier
OPP0348,2025-07-20,Prospect,93359.0,0.1,9336.0,REP05,Services
OPP0349,2024-03-03,Fermé-Perdu,27313.0,0.0,0.0,REP13,Manufacturier
OPP0350,2025-01-31,Proposition,118046.0,0.45,53121.0,REP10,Services
OPP0351,2025-06-19,Proposition,27940.0,0.45,12573.0,REP03,Services
OPP0352,2025-03-04,Prospect,52163.0,0.1,5216.0,REP07,Manufacturier
OPP0353,2025-07-02,Négociation,58001.0,0.7,40601.0,REP08,Manufacturier
OPP0354,2025-12-04,Négociation,42640.0,0.7,29848.0,REP01,Manufacturier
OPP0355,2025-05-01,Fermé-Gagné,12038.0,1.0,12038.0,REP06,Services
OPP0356,2025-08-09,Qualification,25802.0,0.25,6450.0,REP01,Services
OPP0357,2024-08-29,Fermé-Gagné,4551.0,1.0,4551.0,REP12,Services
OPP0358,2025-05-02,Qualification,187702.0,0.25,46925.0,REP13,Manufacturier
OPP0359,2024-11-02,Qualification,1261.0,0.25,315.0,REP03,Services
OPP0360,2024-03-21,Négociation,84288.0,0.7,59002.0,REP12,Manufacturier
OPP0361,2025-02-08,Prospect,40478.0,0.1,4048.0,REP03,Services
OPP0362,2024-02-05,Fermé-Gagné,6396.0,1.0,6396.0,REP13,Services
OPP0363,2025-05-29,Prospect,47124.0,0.1,4712.0,REP03,Manufacturier
OPP0364,2025-08-07,Qualification,12009.0,0.25,3002.0,REP12,Manufacturier
OPP0365,2025-06-13,Prospect,55962.0,0.1,5596.0,REP07,Manufacturier
OPP0366,2025-08-08,Proposition,34286.0,0.45,15429.0,REP02,Manufacturier
OPP0367,2025-11-24,Fermé-Perdu,45683.0,0.0,0.0,REP10,Manufacturier
OPP0368,2025-09-27,Prospect,25108.0,0.1,2511.0,REP14,Manufacturier
OPP0369,2024-05-30,Prospect,137290.0,0.1,13729.0,REP10,Services
OPP0370,2024-05-03,Prospect,13150.0,0.1,1315.0,REP04,Manufacturier
OPP0371,2025-04-04,Fermé-Perdu,18501.0,0.0,0.0,REP06,Services
OPP0372,2024-06-26,Qualification,30600.0,0.25,7650.0,REP13,Manufacturier
OPP0373,2024-06-20,Proposition,32785.0,0.45,14753.0,REP07,Services
OPP0374,2024-08-04,Qualification,11711.0,0.25,2928.0,REP05,Manufacturier
OPP0375,2024-07-16,Négociation,4938.0,0.7,3456.0,REP02,Services
OPP0376,2024-05-09,Proposition,51821.0,0.45,23319.0,REP01,Services
OPP0377,2024-02-13,Fermé-Perdu,50390.0,0.0,0.0,REP13,Services
OPP0378,2025-03-09,Qualification,199353.0,0.25,49838.0,REP08,Services
OPP0379,2024-03-21,Qualification,126986.0,0.25,31747.0,REP04,Services
OPP0380,2025-11-30,Négociation,38800.0,0.7,27160.0,REP05,Services
OPP0381,2025-03-21,Prospect,18486.0,0.1,1849.0,REP04,Manufacturier
OPP0382,2024-07-25,Négociation,112236.0,0.7,78565.0,REP14,Services
OPP0383,2025-10-04,Négociation,15545.0,0.7,10881.0,REP10,Manufacturier
OPP0384,2024-05-31,Fermé-Gagné,88685.0,1.0,88685.0,REP06,Manufacturier
OPP0385,2025-09-01,Négociation,8649.0,0.7,6054.0,REP04,Manufacturier
OPP0386,2024-09-21,Prospect,259328.0,0.1,25933.0,REP03,Manufacturier
OPP0387,2024-11-23,Qualification,12479.0,0.25,3120.0,REP04,Services
OPP0388,2024-03-09,Prospect,13494.0,0.1,1349.0,REP11,Services
OPP0389,2024-03-30,Négociation,5396.0,0.7,3777.0,REP13,Services
OPP0390,2025-02-01,Négociation,24408.0,0.7,17086.0,REP07,Services
OPP0391,2025-07-23,Proposition,56160.0,0.45,25272.0,REP15,Services
OPP0392,2025-02-10,Fermé-Perdu,19975.0,0.0,0.0,REP10,Manufacturier
OPP0393,2025-07-19,Qualification,14933.0,0.25,3733.0,REP01,Manufacturier
OPP0394,2024-11-29,Fermé-Gagné,8526.0,1.0,8526.0,REP15,Manufacturier
OPP0395,2024-10-09,Prospect,48043.0,0.1,4804.0,REP03,Services
OPP0396,2025-06-16,Fermé-Perdu,72792.0,0.0,0.0,REP03,Services
OPP0397,2025-04-14,Qualification,42769.0,0.25,10692.0,REP15,Manufacturier
OPP0398,2024-01-13,Fermé-Gagné,72567.0,1.0,72567.0,REP09,Manufacturier
OPP0399,2025-12-18,Prospect,10773.0,0.1,1077.0,REP13,Services
OPP0400,2025-09-30,Qualification,19285.0,0.25,4821.0,REP15,Manufacturier
OPP0401,2025-08-24,Fermé-Perdu,29722.0,0.0,0.0,REP06,Manufacturier
OPP0402,2025-06-19,Qualification,130293.0,0.25,32573.0,REP10,Services
OPP0403,2025-03-05,Négociation,129539.0,0.7,90677.0,REP01,Manufacturier
OPP0404,2024-04-25,Proposition,80278.0,0.45,36125.0,REP11,Manufacturier
OPP0405,2025-02-28,Proposition,78325.0,0.45,35246.0,REP02,Manufacturier
OPP0406,2024-06-02,Proposition,16497.0,0.45,7424.0,REP07,Manufacturier
OPP0407,2024-05-31,Proposition,40268.0,0.45,18120.0,REP02,Manufacturier
OPP0408,2025-08-03,Proposition,6858.0,0.45,3086.0,REP14,Services
OPP0409,2025-08-25,Prospect,78320.0,0.1,7832.0,REP09,Manufacturier
OPP0410,2025-08-19,Prospect,28298.0,0.1,2830.0,REP14,Manufacturier
OPP0411,2024-04-12,Négociation,279768.0,0.7,195837.0,REP02,Services
OPP0412,2024-04-18,Négociation,47150.0,0.7,33005.0,REP15,Manufacturier
OPP0413,2025-07-30,Négociation,17064.0,0.7,11945.0,REP04,Manufacturier
OPP0414,2024-04-13,Fermé-Perdu,27623.0,0.0,0.0,REP02,Manufacturier
OPP0415,2024-10-19,Prospect,19320.0,0.1,1932.0,REP08,Manufacturier
OPP0416,2025-07-02,Fermé-Gagné,20302.0,1.0,20302.0,REP11,Services
OPP0417,2024-12-18,Qualification,35514.0,0.25,8878.0,REP01,Manufacturier
OPP0418,2025-02-24,Proposition,13538.0,0.45,6092.0,REP15,Manufacturier
OPP0419,2024-09-27,Qualification,34260.0,0.25,8565.0,REP15,Services
OPP0420,2025-01-27,Prospect,5044.0,0.1,504.0,REP04,Manufacturier
OPP0421,2025-11-01,Prospect,42643.0,0.1,4264.0,REP08,Manufacturier
OPP0422,2025-05-12,Qualification,16992.0,0.25,4248.0,REP02,Manufacturier
OPP0423,2025-08-08,Fermé-Perdu,9429.0,0.0,0.0,REP04,Manufacturier
OPP0424,2025-09-15,Proposition,74914.0,0.45,33711.0,REP01,Services
OPP0425,2025-04-29,Prospect,6192.0,0.1,619.0,REP03,Manufacturier
OPP0426,2024-02-08,Négociation,67835.0,0.7,47484.0,REP12,Manufacturier
OPP0427,2024-06-25,Qualification,58043.0,0.25,14511.0,REP09,Services
OPP0428,2024-10-09,Prospect,14884.0,0.1,1488.0,REP05,Services
OPP0429,2025-02-16,Négociation,27597.0,0.7,19318.0,REP11,Manufacturier
OPP0430,2024-05-27,Qualification,47367.0,0.25,11842.0,REP06,Services
OPP0431,2025-09-25,Fermé-Perdu,45797.0,0.0,0.0,REP05,Services
OPP0432,2025-09-15,Négociation,90565.0,0.7,63396.0,REP12,Manufacturier
OPP0433,2025-11-28,Qualification,75508.0,0.25,18877.0,REP01,Manufacturier
OPP0434,2025-12-11,Fermé-Perdu,102232.0,0.0,0.0,REP04,Manufacturier
OPP0435,2025-02-15,Fermé-Gagné,114714.0,1.0,114714.0,REP04,Services
OPP0436,2024-02-09,Qualification,40699.0,0.25,10175.0,REP15,Manufacturier
OPP0437,2025-02-09,Qualification,27154.0,0.25,6789.0,REP05,Manufacturier
OPP0438,2024-12-05,Proposition,32171.0,0.45,14477.0,REP12,Services
OPP0439,2025-12-08,Proposition,25809.0,0.45,11614.0,REP11,Services
OPP0440,2024-08-31,Proposition,154479.0,0.45,69516.0,REP03,Services
OPP0441,2024-02-20,Qualification,17015.0,0.25,4254.0,REP15,Services
OPP0442,2025-05-01,Prospect,112906.0,0.1,11291.0,REP04,Services
OPP0443,2024-10-02,Proposition,22433.0,0.45,10095.0,REP04,Services
OPP0444,2025-01-16,Proposition,109621.0,0.45,49330.0,REP11,Manufacturier
OPP0445,2024-01-21,Fermé-Perdu,75132.0,0.0,0.0,REP15,Services
OPP0446,2024-12-11,Proposition,34919.0,0.45,15714.0,REP03,Manufacturier
OPP0447,2024-11-06,Prospect,47058.0,0.1,4706.0,REP08,Services
OPP0448,2024-11-14,Qualification,11973.0,0.25,2993.0,REP07,Services
OPP0449,2024-10-14,Prospect,64698.0,0.1,6470.0,REP12,Services
OPP0450,2025-05-18,Prospect,93648.0,0.1,9365.0,REP15,Services
OPP0451,2025-12-13,Proposition,138393.0,0.45,62277.0,REP15,Services
OPP0452,2025-12-02,Négociation,26243.0,0.7,18370.0,REP06,Services
OPP0453,2024-04-10,Fermé-Perdu,327791.0,0.0,0.0,REP06,Services
OPP0454,2024-08-21,Proposition,26433.0,0.45,11895.0,REP07,Services
OPP0455,2024-05-17,Prospect,23157.0,0.1,2316.0,REP02,Services
OPP0456,2024-11-03,Fermé-Gagné,30731.0,1.0,30731.0,REP11,Manufacturier
OPP0457,2025-03-29,Fermé-Gagné,31015.0,1.0,31015.0,REP10,Services
OPP0458,2024-11-24,Qualification,8658.0,0.25,2164.0,REP10,Services
OPP0459,2024-10-02,Proposition,11715.0,0.45,5272.0,REP13,Manufacturier
OPP0460,2025-03-02,Proposition,10703.0,0.45,4816.0,REP11,Manufacturier
OPP0461,2025-09-11,Qualification,45941.0,0.25,11485.0,REP03,Manufacturier
OPP0462,2025-10-23,Qualification,162173.0,0.25,40543.0,REP08,Manufacturier
OPP0463,2024-04-01,Fermé-Perdu,18614.0,0.0,0.0,REP15,Manufacturier
OPP0464,2024-07-11,Fermé-Gagné,31938.0,1.0,31938.0,REP03,Services
OPP0465,2025-03-28,Qualification,16192.0,0.25,4048.0,REP03,Services
OPP0466,2024-08-04,Proposition,70278.0,0.45,31625.0,REP05,Services
OPP0467,2025-02-20,Prospect,47441.0,0.1,4744.0,REP13,Services
OPP0468,2025-05-11,Négociation,91393.0,0.7,63975.0,REP08,Manufacturier
OPP0469,2025-06-12,Fermé-Gagné,13283.0,1.0,13283.0,REP09,Services
OPP0470,2025-01-17,Proposition,34986.0,0.45,15744.0,REP14,Services
OPP0471,2024-02-27,Prospect,28743.0,0.1,2874.0,REP14,Manufacturier
OPP0472,2025-06-11,Proposition,30630.0,0.45,13783.0,REP05,Services
OPP0473,2024-06-11,Prospect,98221.0,0.1,9822.0,REP06,Services
OPP0474,2024-03-08,Fermé-Gagné,20522.0,1.0,20522.0,REP03,Manufacturier
OPP0475,2024-11-14,Proposition,23172.0,0.45,10427.0,REP10,Manufacturier
OPP0476,2025-12-27,Fermé-Gagné,16457.0,1.0,16457.0,REP11,Services
OPP0477,2025-06-02,Qualification,314131.0,0.25,78533.0,REP03,Manufacturier
OPP0478,2025-02-17,Qualification,14005.0,0.25,3501.0,REP02,Manufacturier
OPP0479,2024-05-18,Fermé-Perdu,65800.0,0.0,0.0,REP02,Services
OPP0480,2025-06-20,Fermé-Gagné,9229.0,1.0,9229.0,REP06,Services
OPP0481,2025-08-05,Prospect,57682.0,0.1,5768.0,REP12,Services
OPP0482,2024-01-30,Fermé-Gagné,11519.0,1.0,11519.0,REP13,Services
OPP0483,2024-06-26,Fermé-Perdu,42272.0,0.0,0.0,REP01,Services
OPP0484,2024-07-16,Proposition,49580.0,0.45,22311.0,REP14,Services
OPP0485,2024-07-24,Fermé-Gagné,33698.0,1.0,33698.0,REP13,Manufacturier
OPP0486,2024-02-29,Qualification,73580.0,0.25,18395.0,REP15,Services
OPP0487,2024-09-12,Prospect,57823.0,0.1,5782.0,REP13,Manufacturier
OPP0488,2024-02-03,Proposition,18343.0,0.45,8254.0,REP08,Services
OPP0489,2025-04-12,Fermé-Perdu,59404.0,0.0,0.0,REP09,Manufacturier
OPP0490,2024-02-21,Proposition,45576.0,0.45,20509.0,REP02,Manufacturier
OPP0491,2025-01-04,Prospect,94574.0,0.1,9457.0,REP10,Manufacturier
OPP0492,2025-12-22,Qualification,8504.0,0.25,2126.0,REP15,Manufacturier
OPP0493,2024-07-22,Prospect,40631.0,0.1,4063.0,REP06,Manufacturier
OPP0494,2024-10-07,Proposition,39958.0,0.45,17981.0,REP06,Manufacturier
OPP0495,2025-01-12,Proposition,25039.0,0.45,11267.0,REP07,Services
OPP0496,2025-04-20,Négociation,104738.0,0.7,73317.0,REP07,Manufacturier
OPP0497,2025-06-01,Prospect,17846.0,0.1,1785.0,REP15,Services
OPP0498,2025-02-10,Fermé-Gagné,74036.0,1.0,74036.0,REP03,Manufacturier
OPP0499,2025-10-12,Fermé-Gagné,17603.0,1.0,17603.0,REP01,Services
OPP0500,2024-05-06,Qualification,136773.0,0.25,34193.0,REP08,Services
OPP0501,2025-11-28,Négociation,54478.0,0.7,38134.0,REP14,Services
OPP0502,2024-02-01,Proposition,7652.0,0.45,3443.0,REP07,Services
OPP0503,2024-09-04,Proposition,113184.0,0.45,50933.0,REP03,Services
OPP0504,2025-01-16,Qualification,63718.0,0.25,15929.0,REP12,Services
OPP0505,2025-05-15,Fermé-Gagné,39789.0,1.0,39789.0,REP07,Services
OPP0506,2025-08-31,Fermé-Perdu,19153.0,0.0,0.0,REP10,Manufacturier
OPP0507,2025-04-01,Négociation,15460.0,0.7,10822.0,REP12,Manufacturier
OPP0508,2024-06-30,Prospect,60199.0,0.1,6020.0,REP13,Services
OPP0509,2025-04-30,Proposition,7775.0,0.45,3499.0,REP07,Manufacturier
OPP0510,2025-08-23,Qualification,18460.0,0.25,4615.0,REP05,Services
OPP0511,2025-07-18,Proposition,72971.0,0.45,32837.0,REP09,Services
OPP0512,2024-12-24,Négociation,8896.0,0.7,6227.0,REP01,Services
OPP0513,2024-12-18,Prospect,9309.0,0.1,931.0,REP02,Services
OPP0514,2024-06-16,Qualification,61164.0,0.25,15291.0,REP09,Services
OPP0515,2024-09-21,Négociation,27823.0,0.7,19476.0,REP02,Manufacturier
OPP0516,2025-12-06,Prospect,191910.0,0.1,19191.0,REP12,Services
OPP0517,2024-04-02,Proposition,26764.0,0.45,12044.0,REP09,Manufacturier
OPP0518,2024-10-18,Qualification,7700.0,0.25,1925.0,REP08,Services
OPP0519,2024-01-29,Fermé-Gagné,112788.0,1.0,112788.0,REP13,Manufacturier
OPP0520,2025-01-30,Fermé-Gagné,9608.0,1.0,9608.0,REP02,Services
OPP0521,2024-02-20,Fermé-Gagné,13228.0,1.0,13228.0,REP12,Manufacturier
OPP0522,2024-06-15,Prospect,25957.0,0.1,2596.0,REP11,Services
OPP0523,2025-08-08,Fermé-Perdu,42729.0,0.0,0.0,REP02,Services
OPP0524,2024-08-07,Prospect,53152.0,0.1,5315.0,REP05,Manufacturier
OPP0525,2024-08-14,Fermé-Gagné,94907.0,1.0,94907.0,REP01,Services
OPP0526,2025-10-24,Qualification,2764.0,0.25,691.0,REP04,Manufacturier
OPP0527,2024-08-18,Fermé-Perdu,14165.0,0.0,0.0,REP14,Services
OPP0528,2025-11-24,Prospect,104644.0,0.1,10464.0,REP08,Manufacturier
OPP0529,2024-07-30,Négociation,14846.0,0.7,10392.0,REP03,Services
OPP0530,2024-10-02,Fermé-Perdu,34509.0,0.0,0.0,REP15,Services
OPP0531,2025-10-29,Négociation,139679.0,0.7,97775.0,REP01,Services
OPP0532,2025-02-23,Négociation,30603.0,0.7,21422.0,REP10,Services
OPP0533,2025-06-09,Négociation,27943.0,0.7,19560.0,REP05,Services
OPP0534,2024-01-21,Fermé-Perdu,30943.0,0.0,0.0,REP03,Services
OPP0535,2025-11-29,Négociation,131646.0,0.7,92152.0,REP08,Services
OPP0536,2024-01-10,Proposition,7312.0,0.45,3290.0,REP03,Manufacturier
OPP0537,2025-04-30,Qualification,216958.0,0.25,54240.0,REP01,Manufacturier
OPP0538,2024-05-15,Négociation,28960.0,0.7,20272.0,REP07,Manufacturier
OPP0539,2025-10-24,Prospect,25818.0,0.1,2582.0,REP12,Services
OPP0540,2024-06-26,Prospect,16133.0,0.1,1613.0,REP13,Manufacturier
OPP0541,2025-09-07,Négociation,11673.0,0.7,8171.0,REP04,Services
OPP0542,2024-01-09,Qualification,3503.0,0.25,876.0,REP12,Services
OPP0543,2024-08-17,Qualification,122718.0,0.25,30679.0,REP12,Manufacturier
OPP0544,2024-09-15,Négociation,3961.0,0.7,2772.0,REP01,Services
OPP0545,2025-09-14,Fermé-Gagné,34495.0,1.0,34495.0,REP12,Services
OPP0546,2024-11-08,Prospect,23338.0,0.1,2334.0,REP11,Services
OPP0547,2025-12-30,Qualification,48667.0,0.25,12167.0,REP06,Manufacturier
OPP0548,2025-12-27,Prospect,4935.0,0.1,494.0,REP05,Services
OPP0549,2025-10-20,Fermé-Gagné,15901.0,1.0,15901.0,REP03,Manufacturier
OPP0550,2024-10-08,Prospect,58380.0,0.1,5838.0,REP08,Services
OPP0551,2025-03-09,Qualification,43670.0,0.25,10918.0,REP15,Services
OPP0552,2025-01-20,Fermé-Gagné,18703.0,1.0,18703.0,REP10,Manufacturier
OPP0553,2024-12-23,Proposition,40266.0,0.45,18120.0,REP04,Services
OPP0554,2025-04-15,Fermé-Gagné,203373.0,1.0,203373.0,REP12,Manufacturier
OPP0555,2024-09-15,Prospect,107911.0,0.1,10791.0,REP07,Services
OPP0556,2024-08-11,Prospect,95977.0,0.1,9598.0,REP15,Services
OPP0557,2025-04-22,Qualification,62928.0,0.25,15732.0,REP06,Manufacturier
OPP0558,2024-11-05,Négociation,43539.0,0.7,30477.0,REP09,Manufacturier
OPP0559,2025-11-24,Prospect,18331.0,0.1,1833.0,REP07,Manufacturier
OPP0560,2025-06-17,Prospect,38393.0,0.1,3839.0,REP09,Manufacturier
OPP0561,2025-09-30,Fermé-Perdu,259583.0,0.0,0.0,REP07,Services
OPP0562,2025-02-10,Qualification,91085.0,0.25,22771.0,REP02,Services
OPP0563,2025-08-21,Proposition,25379.0,0.45,11421.0,REP13,Manufacturier
OPP0564,2024-04-14,Négociation,4467.0,0.7,3127.0,REP03,Manufacturier
OPP0565,2024-01-08,Prospect,77458.0,0.1,7746.0,REP08,Manufacturier
OPP0566,2025-06-07,Proposition,92621.0,0.45,41679.0,REP13,Services
OPP0567,2025-11-09,Qualification,21101.0,0.25,5275.0,REP15,Manufacturier
OPP0568,2025-01-18,Prospect,18622.0,0.1,1862.0,REP08,Services
OPP0569,2025-07-28,Qualification,5173.0,0.25,1293.0,REP02,Manufacturier
OPP0570,2025-10-24,Négociation,127496.0,0.7,89247.0,REP13,Services
OPP0571,2025-08-31,Fermé-Perdu,23981.0,0.0,0.0,REP09,Services
OPP0572,2025-09-15,Proposition,47132.0,0.45,21209.0,REP07,Manufacturier
OPP0573,2024-10-16,Fermé-Gagné,12104.0,1.0,12104.0,REP03,Services
OPP0574,2024-11-01,Fermé-Perdu,8537.0,0.0,0.0,REP06,Manufacturier
OPP0575,2025-12-01,Qualification,162035.0,0.25,40509.0,REP07,Services
OPP0576,2024-04-20,Prospect,24603.0,0.1,2460.0,REP11,Manufacturier
OPP0577,2025-05-08,Qualification,17147.0,0.25,4287.0,REP04,Services
OPP0578,2024-03-06,Qualification,661588.0,0.25,165397.0,REP04,Services
OPP0579,2024-12-10,Proposition,97265.0,0.45,43769.0,REP01,Services
OPP0580,2024-10-10,Proposition,17651.0,0.45,7943.0,REP08,Manufacturier
OPP0581,2025-10-17,Proposition,75894.0,0.45,34152.0,REP04,Services
OPP0582,2024-11-28,Proposition,7294.0,0.45,3283.0,REP12,Manufacturier
OPP0583,2024-10-10,Qualification,26393.0,0.25,6598.0,REP07,Services
OPP0584,2024-09-24,Qualification,15711.0,0.25,3928.0,REP07,Services
OPP0585,2025-11-02,Qualification,55188.0,0.25,13797.0,REP01,Services
OPP0586,2025-12-29,Négociation,190368.0,0.7,133258.0,REP15,Manufacturier
OPP0587,2025-10-29,Prospect,6674.0,0.1,667.0,REP13,Manufacturier
OPP0588,2024-11-01,Qualification,232610.0,0.25,58152.0,REP05,Services
OPP0589,2024-07-11,Qualification,76852.0,0.25,19213.0,REP02,Manufacturier
OPP0590,2024-06-02,Proposition,13370.0,0.45,6017.0,REP07,Services
OPP0591,2025-06-13,Négociation,13627.0,0.7,9539.0,REP03,Manufacturier
OPP0592,2024-09-03,Fermé-Gagné,17772.0,1.0,17772.0,REP13,Manufacturier
OPP0593,2024-02-28,Négociation,15270.0,0.7,10689.0,REP01,Manufacturier
OPP0594,2025-09-06,Négociation,15756.0,0.7,11029.0,REP14,Manufacturier
OPP0595,2025-02-17,Qualification,5918.0,0.25,1480.0,REP11,Manufacturier
OPP0596,2025-11-07,Fermé-Gagné,29875.0,1.0,29875.0,REP02,Manufacturier
OPP0597,2024-11-23,Prospect,76622.0,0.1,7662.0,REP11,Services
OPP0598,2025-11-28,Proposition,20452.0,0.45,9203.0,REP04,Manufacturier
OPP0599,2024-05-23,Prospect,48891.0,0.1,4889.0,REP01,Services
OPP0600,2024-01-27,Proposition,111891.0,0.45,50351.0,REP07,Services
OPP0601,2025-11-02,Prospect,8142.0,0.1,814.0,REP10,Manufacturier
OPP0602,2025-05-24,Proposition,18627.0,0.45,8382.0,REP07,Manufacturier
OPP0603,2024-10-29,Prospect,8057.0,0.1,806.0,REP08,Manufacturier
OPP0604,2024-09-22,Prospect,8942.0,0.1,894.0,REP15,Services
OPP0605,2025-03-04,Négociation,141686.0,0.7,99180.0,REP10,Manufacturier
OPP0606,2025-02-18,Qualification,21930.0,0.25,5482.0,REP02,Services
OPP0607,2025-02-01,Fermé-Gagné,57691.0,1.0,57691.0,REP09,Services
OPP0608,2024-02-06,Prospect,42847.0,0.1,4285.0,REP08,Manufacturier
OPP0609,2025-08-20,Proposition,73741.0,0.45,33184.0,REP02,Services
OPP0610,2025-12-26,Fermé-Perdu,42093.0,0.0,0.0,REP04,Manufacturier
OPP0611,2025-08-08,Qualification,40409.0,0.25,10102.0,REP12,Manufacturier
OPP0612,2024-07-13,Qualification,8244.0,0.25,2061.0,REP05,Services
OPP0613,2024-12-17,Fermé-Perdu,37609.0,0.0,0.0,REP15,Manufacturier
OPP0614,2025-12-31,Qualification,37185.0,0.25,9296.0,REP10,Services
OPP0615,2024-08-15,Négociation,14160.0,0.7,9912.0,REP11,Services
OPP0616,2025-12-03,Fermé-Gagné,4589.0,1.0,4589.0,REP10,Services
OPP0617,2025-07-01,Prospect,46391.0,0.1,4639.0,REP03,Services
OPP0618,2025-10-15,Proposition,123534.0,0.45,55590.0,REP12,Manufacturier
OPP0619,2025-05-02,Négociation,6189.0,0.7,4332.0,REP04,Manufacturier
OPP0620,2025-11-18,Qualification,30689.0,0.25,7672.0,REP06,Manufacturier
OPP0621,2025-01-02,Négociation,3891.0,0.7,2724.0,REP07,Manufacturier
OPP0622,2025-06-03,Fermé-Gagné,69555.0,1.0,69555.0,REP04,Manufacturier
OPP0623,2024-11-03,Qualification,118679.0,0.25,29670.0,REP09,Services
OPP0624,2024-06-23,Qualification,32937.0,0.25,8234.0,REP11,Manufacturier
OPP0625,2025-11-04,Prospect,67829.0,0.1,6783.0,REP08,Services
OPP0626,2025-07-25,Fermé-Perdu,38699.0,0.0,0.0,REP13,Manufacturier
OPP0627,2024-07-04,Prospect,13759.0,0.1,1376.0,REP10,Services
OPP0628,2024-10-27,Proposition,31747.0,0.45,14286.0,REP07,Services
OPP0629,2024-04-09,Proposition,35337.0,0.45,15902.0,REP11,Manufacturier
OPP0630,2025-04-27,Prospect,31404.0,0.1,3140.0,REP03,Services
OPP0631,2024-05-11,Proposition,52649.0,0.45,23692.0,REP14,Services
OPP0632,2024-09-21,Qualification,41463.0,0.25,10366.0,REP12,Manufacturier
OPP0633,2025-07-26,Fermé-Gagné,29907.0,1.0,29907.0,REP01,Manufacturier
OPP0634,2024-07-06,Fermé-Gagné,19124.0,1.0,19124.0,REP11,Services
OPP0635,2025-11-27,Qualification,59856.0,0.25,14964.0,REP09,Services
OPP0636,2024-12-09,Qualification,55840.0,0.25,13960.0,REP07,Services
OPP0637,2025-11-01,Prospect,43346.0,0.1,4335.0,REP09,Manufacturier
OPP0638,2024-04-01,Qualification,15843.0,0.25,3961.0,REP06,Services
OPP0639,2024-08-15,Qualification,11717.0,0.25,2929.0,REP09,Services
OPP0640,2024-12-29,Qualification,71377.0,0.25,17844.0,REP02,Services
OPP0641,2024-08-16,Proposition,14886.0,0.45,6698.0,REP11,Manufacturier
OPP0642,2024-11-10,Prospect,25912.0,0.1,2591.0,REP04,Services
OPP0643,2025-03-06,Prospect,7665.0,0.1,767.0,REP11,Manufacturier
OPP0644,2024-12-05,Qualification,56561.0,0.25,14140.0,REP08,Services
OPP0645,2025-01-15,Qualification,10513.0,0.25,2628.0,REP15,Services
OPP0646,2024-09-23,Prospect,9983.0,0.1,998.0,REP07,Manufacturier
OPP0647,2025-08-22,Proposition,13504.0,0.45,6077.0,REP15,Manufacturier
OPP0648,2024-10-28,Prospect,55772.0,0.1,5577.0,REP01,Services
OPP0649,2025-04-19,Prospect,29256.0,0.1,2926.0,REP11,Services
OPP0650,2024-04-30,Proposition,19269.0,0.45,8671.0,REP04,Services
OPP0651,2025-04-26,Prospect,189594.0,0.1,18959.0,REP06,Services
OPP0652,2024-02-24,Prospect,61217.0,0.1,6122.0,REP04,Services
OPP0653,2025-10-11,Prospect,4956.0,0.1,496.0,REP14,Services
OPP0654,2025-08-20,Fermé-Perdu,15163.0,0.0,0.0,REP14,Services
OPP0655,2025-08-17,Prospect,5024.0,0.1,502.0,REP06,Services
OPP0656,2025-09-27,Fermé-Gagné,22516.0,1.0,22516.0,REP01,Services
OPP0657,2024-03-13,Négociation,102370.0,0.7,71659.0,REP12,Manufacturier
OPP0658,2025-04-28,Fermé-Gagné,46573.0,1.0,46573.0,REP09,Services
OPP0659,2024-07-18,Proposition,28749.0,0.45,12937.0,REP14,Manufacturier
OPP0660,2025-05-27,Prospect,22656.0,0.1,2266.0,REP03,Manufacturier
OPP0661,2024-05-02,Négociation,50011.0,0.7,35008.0,REP05,Manufacturier
OPP0662,2025-11-28,Proposition,6673.0,0.45,3003.0,REP03,Services
OPP0663,2025-01-25,Proposition,32196.0,0.45,14488.0,REP08,Manufacturier
OPP0664,2025-06-26,Proposition,42985.0,0.45,19343.0,REP05,Manufacturier
OPP0665,2024-11-01,Prospect,10158.0,0.1,1016.0,REP07,Manufacturier
OPP0666,2025-02-27,Qualification,14947.0,0.25,3737.0,REP11,Manufacturier
OPP0667,2024-02-25,Fermé-Perdu,259705.0,0.0,0.0,REP12,Services
OPP0668,2024-06-03,Fermé-Gagné,61556.0,1.0,61556.0,REP03,Services
OPP0669,2024-05-20,Qualification,6603.0,0.25,1651.0,REP03,Manufacturier
OPP0670,2024-07-24,Fermé-Perdu,17149.0,0.0,0.0,REP14,Manufacturier
OPP0671,2024-12-16,Prospect,35277.0,0.1,3528.0,REP11,Manufacturier
OPP0672,2025-02-23,Qualification,365232.0,0.25,91308.0,REP02,Manufacturier
OPP0673,2025-08-06,Proposition,88433.0,0.45,39795.0,REP14,Services
OPP0674,2025-04-13,Proposition,108009.0,0.45,48604.0,REP14,Services
OPP0675,2024-05-26,Fermé-Gagné,54062.0,1.0,54062.0,REP15,Manufacturier
OPP0676,2024-11-19,Négociation,13568.0,0.7,9498.0,REP10,Manufacturier
OPP0677,2024-07-03,Négociation,178975.0,0.7,125283.0,REP05,Manufacturier
OPP0678,2024-03-23,Fermé-Perdu,85341.0,0.0,0.0,REP06,Manufacturier
OPP0679,2025-05-14,Proposition,130012.0,0.45,58505.0,REP02,Services
OPP0680,2024-12-06,Prospect,198977.0,0.1,19898.0,REP02,Services
OPP0681,2025-10-08,Proposition,172077.0,0.45,77435.0,REP14,Manufacturier
OPP0682,2024-06-30,Négociation,35732.0,0.7,25013.0,REP14,Manufacturier
OPP0683,2024-11-16,Fermé-Gagné,47725.0,1.0,47725.0,REP06,Manufacturier
OPP0684,2025-10-11,Qualification,44041.0,0.25,11010.0,REP04,Manufacturier
OPP0685,2024-02-29,Prospect,91907.0,0.1,9191.0,REP04,Services
OPP0686,2024-01-05,Prospect,50614.0,0.1,5061.0,REP05,Services
OPP0687,2025-04-07,Fermé-Gagné,41987.0,1.0,41987.0,REP08,Manufacturier
OPP0688,2024-10-07,Fermé-Perdu,32676.0,0.0,0.0,REP12,Services
OPP0689,2024-08-02,Qualification,31301.0,0.25,7825.0,REP13,Manufacturier
OPP0690,2024-06-21,Négociation,49070.0,0.7,34349.0,REP04,Manufacturier
OPP0691,2025-08-13,Proposition,133049.0,0.45,59872.0,REP13,Manufacturier
OPP0692,2024-06-11,Proposition,14017.0,0.45,6307.0,REP13,Manufacturier
OPP0693,2025-05-16,Prospect,39056.0,0.1,3906.0,REP11,Services
OPP0694,2024-03-31,Fermé-Perdu,51290.0,0.0,0.0,REP13,Manufacturier
OPP0695,2024-05-12,Proposition,190266.0,0.45,85620.0,REP13,Services
OPP0696,2025-09-21,Négociation,23571.0,0.7,16500.0,REP13,Services
OPP0697,2025-03-20,Proposition,16651.0,0.45,7493.0,REP06,Services
OPP0698,2025-10-10,Fermé-Gagné,164352.0,1.0,164352.0,REP09,Manufacturier
OPP0699,2025-03-15,Proposition,60453.0,0.45,27204.0,REP13,Manufacturier
OPP0700,2025-02-17,Qualification,23798.0,0.25,5949.0,REP11,Services
OPP0701,2025-03-15,Proposition,104358.0,0.45,46961.0,REP01,Manufacturier
OPP0702,2025-05-03,Négociation,5560.0,0.7,3892.0,REP06,Services
OPP0703,2025-01-27,Qualification,34423.0,0.25,8606.0,REP03,Manufacturier
OPP0704,2024-01-05,Négociation,48734.0,0.7,34114.0,REP11,Manufacturier
OPP0705,2024-02-08,Négociation,65496.0,0.7,45847.0,REP06,Manufacturier
OPP0706,2025-06-30,Prospect,15898.0,0.1,1590.0,REP06,Manufacturier
OPP0707,2024-07-23,Fermé-Gagné,15632.0,1.0,15632.0,REP03,Manufacturier
OPP0708,2025-01-17,Proposition,169461.0,0.45,76258.0,REP04,Manufacturier
OPP0709,2024-01-15,Fermé-Perdu,36907.0,0.0,0.0,REP06,Manufacturier
OPP0710,2024-11-25,Prospect,42590.0,0.1,4259.0,REP05,Manufacturier
OPP0711,2025-06-27,Fermé-Gagné,17527.0,1.0,17527.0,REP04,Services
OPP0712,2024-07-14,Négociation,14512.0,0.7,10158.0,REP14,Manufacturier
OPP0713,2024-01-19,Négociation,20589.0,0.7,14412.0,REP11,Manufacturier
OPP0714,2025-11-23,Proposition,120034.0,0.45,54015.0,REP14,Manufacturier
OPP0715,2024-01-05,Proposition,19494.0,0.45,8772.0,REP13,Services
OPP0716,2025-10-03,Fermé-Gagné,28667.0,1.0,28667.0,REP03,Manufacturier
OPP0717,2024-09-11,Fermé-Perdu,182148.0,0.0,0.0,REP12,Services
OPP0718,2024-08-19,Proposition,307612.0,0.45,138425.0,REP14,Services
OPP0719,2025-12-11,Proposition,8378.0,0.45,3770.0,REP02,Services
OPP0720,2024-12-18,Prospect,4335.0,0.1,433.0,REP08,Manufacturier
OPP0721,2024-11-15,Qualification,17809.0,0.25,4452.0,REP09,Services
OPP0722,2024-05-12,Prospect,13657.0,0.1,1366.0,REP14,Services
OPP0723,2024-04-15,Prospect,58519.0,0.1,5852.0,REP11,Services
OPP0724,2025-01-27,Négociation,35826.0,0.7,25078.0,REP04,Services
OPP0725,2025-05-30,Qualification,31912.0,0.25,7978.0,REP04,Services
OPP0726,2025-08-25,Fermé-Gagné,87320.0,1.0,87320.0,REP05,Services
OPP0727,2024-11-09,Proposition,4325.0,0.45,1946.0,REP04,Services
OPP0728,2024-06-20,Fermé-Gagné,19573.0,1.0,19573.0,REP14,Manufacturier
OPP0729,2024-03-07,Qualification,32322.0,0.25,8081.0,REP10,Services
OPP0730,2024-02-16,Fermé-Gagné,101937.0,1.0,101937.0,REP08,Services
OPP0731,2024-11-01,Fermé-Gagné,34248.0,1.0,34248.0,REP11,Services
OPP0732,2024-10-24,Proposition,54787.0,0.45,24654.0,REP13,Services
OPP0733,2025-04-11,Fermé-Perdu,26224.0,0.0,0.0,REP11,Services
OPP0734,2025-06-16,Qualification,34784.0,0.25,8696.0,REP15,Manufacturier
OPP0735,2025-09-02,Qualification,27091.0,0.25,6773.0,REP02,Services
OPP0736,2025-06-20,Proposition,28853.0,0.45,12984.0,REP05,Manufacturier
OPP0737,2024-12-11,Négociation,39165.0,0.7,27415.0,REP10,Services
OPP0738,2025-03-20,Qualification,154249.0,0.25,38562.0,REP12,Manufacturier
OPP0739,2025-12-04,Prospect,54953.0,0.1,5495.0,REP15,Services
OPP0740,2024-05-17,Prospect,29569.0,0.1,2957.0,REP10,Services
OPP0741,2024-12-16,Fermé-Gagné,62595.0,1.0,62595.0,REP08,Services
OPP0742,2025-05-16,Proposition,43573.0,0.45,19608.0,REP14,Services
OPP0743,2025-01-02,Prospect,65335.0,0.1,6533.0,REP14,Services
OPP0744,2024-07-11,Fermé-Gagné,24494.0,1.0,24494.0,REP04,Manufacturier
OPP0745,2024-06-17,Négociation,59392.0,0.7,41574.0,REP01,Manufacturier
OPP0746,2025-02-17,Négociation,60478.0,0.7,42335.0,REP05,Services
OPP0747,2024-01-20,Qualification,8783.0,0.25,2196.0,REP14,Services
OPP0748,2024-08-21,Négociation,24708.0,0.7,17295.0,REP05,Manufacturier
OPP0749,2024-08-17,Proposition,30603.0,0.45,13771.0,REP15,Services
OPP0750,2024-05-14,Négociation,26222.0,0.7,18356.0,REP09,Services
OPP0751,2024-08-04,Qualification,12982.0,0.25,3245.0,REP03,Services
OPP0752,2024-01-23,Proposition,3067.0,0.45,1380.0,REP03,Manufacturier
OPP0753,2025-08-26,Prospect,101535.0,0.1,10153.0,REP04,Manufacturier
OPP0754,2025-05-31,Prospect,4162.0,0.1,416.0,REP05,Manufacturier
OPP0755,2024-06-22,Fermé-Gagné,262650.0,1.0,262650.0,REP09,Manufacturier
OPP0756,2024-05-06,Négociation,28670.0,0.7,20069.0,REP14,Manufacturier
OPP0757,2025-01-10,Fermé-Gagné,18632.0,1.0,18632.0,REP04,Services
OPP0758,2025-12-29,Proposition,7707.0,0.45,3468.0,REP12,Services
OPP0759,2025-10-28,Qualification,6906.0,0.25,1726.0,REP09,Services
OPP0760,2024-02-08,Fermé-Gagné,14888.0,1.0,14888.0,REP14,Services
OPP0761,2025-01-19,Prospect,43945.0,0.1,4395.0,REP07,Services
OPP0762,2025-10-17,Négociation,149080.0,0.7,104356.0,REP05,Manufacturier
OPP0763,2024-09-18,Proposition,7714.0,0.45,3471.0,REP02,Manufacturier
OPP0764,2025-07-01,Prospect,52003.0,0.1,5200.0,REP10,Manufacturier
OPP0765,2025-09-30,Qualification,5705.0,0.25,1426.0,REP10,Services
OPP0766,2024-02-19,Proposition,14678.0,0.45,6605.0,REP06,Services
OPP0767,2025-08-31,Prospect,60020.0,0.1,6002.0,REP07,Manufacturier
OPP0768,2024-02-19,Qualification,13134.0,0.25,3284.0,REP12,Services
OPP0769,2025-11-08,Prospect,170005.0,0.1,17001.0,REP12,Services
OPP0770,2024-04-20,Qualification,77250.0,0.25,19313.0,REP11,Services
OPP0771,2025-10-31,Fermé-Perdu,59612.0,0.0,0.0,REP15,Services
OPP0772,2024-01-21,Proposition,20785.0,0.45,9353.0,REP04,Services
OPP0773,2024-02-19,Fermé-Perdu,15268.0,0.0,0.0,REP07,Manufacturier
OPP0774,2025-12-07,Fermé-Gagné,22999.0,1.0,22999.0,REP03,Services
OPP0775,2024-04-28,Qualification,46626.0,0.25,11656.0,REP06,Manufacturier
OPP0776,2025-03-02,Fermé-Perdu,46600.0,0.0,0.0,REP08,Manufacturier
OPP0777,2025-03-30,Qualification,16012.0,0.25,4003.0,REP01,Services
OPP0778,2025-01-24,Qualification,17566.0,0.25,4392.0,REP06,Manufacturier
OPP0779,2024-05-06,Qualification,7726.0,0.25,1932.0,REP09,Manufacturier
OPP0780,2025-07-14,Qualification,354870.0,0.25,88718.0,REP07,Manufacturier
OPP0781,2024-09-15,Prospect,14800.0,0.1,1480.0,REP05,Services
OPP0782,2025-04-30,Fermé-Gagné,6738.0,1.0,6738.0,REP13,Services
OPP0783,2025-12-19,Prospect,3018.0,0.1,302.0,REP07,Manufacturier
OPP0784,2024-06-05,Proposition,18554.0,0.45,8349.0,REP12,Manufacturier
OPP0785,2024-07-29,Prospect,54503.0,0.1,5450.0,REP06,Manufacturier
OPP0786,2025-12-12,Négociation,32701.0,0.7,22891.0,REP13,Services
OPP0787,2025-12-03,Proposition,30061.0,0.45,13527.0,REP11,Services
OPP0788,2025-10-07,Prospect,75329.0,0.1,7533.0,REP09,Manufacturier
OPP0789,2024-01-10,Qualification,65092.0,0.25,16273.0,REP06,Manufacturier
OPP0790,2024-11-04,Qualification,14788.0,0.25,3697.0,REP06,Services
OPP0791,2025-03-06,Fermé-Gagné,47127.0,1.0,47127.0,REP08,Services
OPP0792,2025-11-08,Proposition,38923.0,0.45,17516.0,REP03,Manufacturier
OPP0793,2024-04-13,Fermé-Gagné,20081.0,1.0,20081.0,REP03,Services
OPP0794,2025-11-09,Prospect,151628.0,0.1,15163.0,REP08,Manufacturier
OPP0795,2025-06-16,Prospect,16695.0,0.1,1669.0,REP08,Manufacturier
OPP0796,2024-10-03,Prospect,20398.0,0.1,2040.0,REP06,Services
OPP0797,2025-09-29,Fermé-Perdu,22563.0,0.0,0.0,REP02,Services
OPP0798,2025-09-12,Prospect,91738.0,0.1,9174.0,REP07,Services
OPP0799,2025-12-18,Proposition,107720.0,0.45,48474.0,REP13,Services
OPP0800,2024-05-20,Prospect,140148.0,0.1,14015.0,REP08,Services
